{"is_source_file": true, "format": "JavaScript (React)", "description": "This file is the entry point for a React application, importing core libraries, styles, and the main App component, then rendering the App inside the DOM element with id 'root'.", "external_files": ["react", "react-dom/client", "./index.css", "./App"], "external_methods": ["ReactDOM.createRoot", "root.render"], "published": [], "classes": [], "methods": [{"name": "render", "description": "Renders the React application into the DOM."}], "calls": ["ReactDOM.createRoot", "root.render"], "search-terms": ["React", "ReactDOM", "index.js", "Main entry point", "Root render"], "state": 2, "file_id": 9, "knowledge_revision": 23, "git_revision": "deff8cafa3a4bb56ae54fb9caccd58e37e7b493e", "ctags": [{"_type": "tag", "name": "root", "path": "/home/kavia/workspace/code-generation/task-management-app-307555-307565/todo_frontend/src/index.js", "pattern": "/^const root = ReactDOM.createRoot(document.getElementById('root'));$/", "language": "JavaScript", "kind": "constant"}], "hash": "9fc5841375336fc175b49f8767a11383", "format-version": 4, "code-base-name": "todo_frontend", "filename": "todo_frontend/src/index.js", "revision_history": [{"23": "deff8cafa3a4bb56ae54fb9caccd58e37e7b493e"}]}