{"is_source_file": false, "format": "", "description": "", "external_files": [], "external_methods": [], "published": [], "classes": [], "methods": [], "calls": [], "search-terms": [], "state": 2, "file_id": 8, "knowledge_revision": 29, "git_revision": "deff8cafa3a4bb56ae54fb9caccd58e37e7b493e", "hash": "7dcb1982f40872ab2834981be9d901cd", "format-version": 4, "code-base-name": "todo_frontend", "filename": "todo_frontend/src/App.css", "revision_history": [{"29": "deff8cafa3a4bb56ae54fb9caccd58e37e7b493e"}]}