{"is_source_file": false, "format": "", "description": "", "external_files": [], "external_methods": [], "published": [], "classes": [], "methods": [], "calls": [], "search-terms": [], "state": 2, "file_id": 7, "knowledge_revision": 15, "git_revision": "deff8cafa3a4bb56ae54fb9caccd58e37e7b493e", "hash": "6c2104b8d219ed99234ae2d6329f4357", "format-version": 4, "code-base-name": "todo_frontend", "filename": "todo_frontend/src/index.css", "revision_history": [{"15": "deff8cafa3a4bb56ae54fb9caccd58e37e7b493e"}]}