{"is_source_file": true, "format": "JavaScript (React JSX)", "description": "Main React component for the task management application, including task listing, creation, editing, toggling completion, and deletion functionalities.", "external_files": ["./api/tasks", "./App.css"], "external_methods": ["listTasks", "createTask", "deleteTask", "updateTask"], "published": ["App"], "classes": [], "methods": [{"name": "refresh()", "description": "Fetches the latest list of tasks from the backend and updates state.", "scope": "App", "scopeKind": "function"}, {"name": "startCreate()", "description": "Initializes form for creating a new task.", "scope": "App", "scopeKind": "function"}, {"name": "startEdit(task)", "description": "Sets the form to edit an existing task.", "scope": "App", "scopeKind": "function"}, {"name": "onSubmit(e)", "description": "Handles submission of the task form for creating or updating a task.", "scope": "App", "scopeKind": "function"}, {"name": "toggleCompleted(task)", "description": "Toggles the completion status of a task.", "scope": "App", "scopeKind": "function"}, {"name": "remove(task)", "description": "Deletes a task after user confirmation.", "scope": "App", "scopeKind": "function"}, {"name": "App()", "scope": "", "scopeKind": "", "description": "unavailable"}], "calls": ["listTasks", "createTask", "deleteTask", "updateTask", "refresh"], "search-terms": ["React", "task management", "useState", "useEffect", "task CRUD", "JSX", "App component"], "state": 2, "file_id": 5, "knowledge_revision": 28, "git_revision": "deff8cafa3a4bb56ae54fb9caccd58e37e7b493e", "revision_history": [{"25": "deff8cafa3a4bb56ae54fb9caccd58e37e7b493e"}, {"28": "deff8cafa3a4bb56ae54fb9caccd58e37e7b493e"}], "ctags": [{"_type": "tag", "name": "120", "path": "/home/kavia/workspace/code-generation/task-management-app-307555-307565/todo_frontend/src/App.js", "pattern": "/^                  maxLength={120}$/", "language": "JavaScript", "kind": "field", "scope": "App.maxLength", "scopeKind": "class"}, {"_type": "tag", "name": "2000", "path": "/home/kavia/workspace/code-generation/task-management-app-307555-307565/todo_frontend/src/App.js", "pattern": "/^                  maxLength={2000}$/", "language": "JavaScript", "kind": "field", "scope": "App.maxLength", "scopeKind": "class"}, {"_type": "tag", "name": "4", "path": "/home/kavia/workspace/code-generation/task-management-app-307555-307565/todo_frontend/src/App.js", "pattern": "/^                  rows={4}$/", "language": "JavaScript", "kind": "field", "scope": "App.rows", "scopeKind": "class"}, {"_type": "tag", "name": "App", "path": "/home/kavia/workspace/code-generation/task-management-app-307555-307565/todo_frontend/src/App.js", "pattern": "/^function App() {$/", "language": "JavaScript", "kind": "function", "signature": "()"}, {"_type": "tag", "name": "EMPTY_FORM", "path": "/home/kavia/workspace/code-generation/task-management-app-307555-307565/todo_frontend/src/App.js", "pattern": "/^const EMPTY_FORM = { title: '', description: '', completed: false };$/", "language": "JavaScript", "kind": "class"}, {"_type": "tag", "name": "completed", "path": "/home/kavia/workspace/code-generation/task-management-app-307555-307565/todo_frontend/src/App.js", "pattern": "/^      completed: !!form.completed,$/", "language": "JavaScript", "kind": "property", "scope": "App.onSubmit.payload", "scopeKind": "class"}, {"_type": "tag", "name": "completed", "path": "/home/kavia/workspace/code-generation/task-management-app-307555-307565/todo_frontend/src/App.js", "pattern": "/^const EMPTY_FORM = { title: '', description: '', completed: false };$/", "language": "JavaScript", "kind": "property", "scope": "EMPTY_FORM", "scopeKind": "class"}, {"_type": "tag", "name": "description", "path": "/home/kavia/workspace/code-generation/task-management-app-307555-307565/todo_frontend/src/App.js", "pattern": "/^      description: (form.description || '').trim(),$/", "language": "JavaScript", "kind": "property", "scope": "App.onSubmit.payload", "scopeKind": "class"}, {"_type": "tag", "name": "description", "path": "/home/kavia/workspace/code-generation/task-management-app-307555-307565/todo_frontend/src/App.js", "pattern": "/^const EMPTY_FORM = { title: '', description: '', completed: false };$/", "language": "JavaScript", "kind": "property", "scope": "EMPTY_FORM", "scopeKind": "class"}, {"_type": "tag", "name": "form", "path": "/home/kavia/workspace/code-generation/task-management-app-307555-307565/todo_frontend/src/App.js", "pattern": "/^                  checked={form.completed}$/", "language": "JavaScript", "kind": "field", "scope": "App.checked", "scopeKind": "class"}, {"_type": "tag", "name": "form", "path": "/home/kavia/workspace/code-generation/task-management-app-307555-307565/todo_frontend/src/App.js", "pattern": "/^                  value={form.description}$/", "language": "JavaScript", "kind": "field", "scope": "App.value", "scopeKind": "class"}, {"_type": "tag", "name": "form", "path": "/home/kavia/workspace/code-generation/task-management-app-307555-307565/todo_frontend/src/App.js", "pattern": "/^                  value={form.title}$/", "language": "JavaScript", "kind": "field", "scope": "App.value", "scopeKind": "class"}, {"_type": "tag", "name": "onSubmit", "path": "/home/kavia/workspace/code-generation/task-management-app-307555-307565/todo_frontend/src/App.js", "pattern": "/^  async function onSubmit(e) {$/", "language": "JavaScript", "kind": "function", "signature": "(e)", "scope": "App", "scopeKind": "function"}, {"_type": "tag", "name": "payload", "path": "/home/kavia/workspace/code-generation/task-management-app-307555-307565/todo_frontend/src/App.js", "pattern": "/^    const payload = {$/", "language": "JavaScript", "kind": "class", "scope": "App.onSubmit", "scopeKind": "class"}, {"_type": "tag", "name": "refresh", "path": "/home/kavia/workspace/code-generation/task-management-app-307555-307565/todo_frontend/src/App.js", "pattern": "/^  async function refresh() {$/", "language": "JavaScript", "kind": "function", "signature": "()", "scope": "App", "scopeKind": "function"}, {"_type": "tag", "name": "remove", "path": "/home/kavia/workspace/code-generation/task-management-app-307555-307565/todo_frontend/src/App.js", "pattern": "/^  async function remove(task) {$/", "language": "JavaScript", "kind": "function", "signature": "(task)", "scope": "App", "scopeKind": "function"}, {"_type": "tag", "name": "startCreate", "path": "/home/kavia/workspace/code-generation/task-management-app-307555-307565/todo_frontend/src/App.js", "pattern": "/^  function startCreate() {$/", "language": "JavaScript", "kind": "function", "signature": "()", "scope": "App", "scopeKind": "function"}, {"_type": "tag", "name": "startEdit", "path": "/home/kavia/workspace/code-generation/task-management-app-307555-307565/todo_frontend/src/App.js", "pattern": "/^  function startEdit(task) {$/", "language": "JavaScript", "kind": "function", "signature": "(task)", "scope": "App", "scopeKind": "function"}, {"_type": "tag", "name": "title", "path": "/home/kavia/workspace/code-generation/task-management-app-307555-307565/todo_frontend/src/App.js", "pattern": "/^      title: form.title.trim(),$/", "language": "JavaScript", "kind": "property", "scope": "App.onSubmit.payload", "scopeKind": "class"}, {"_type": "tag", "name": "title", "path": "/home/kavia/workspace/code-generation/task-management-app-307555-307565/todo_frontend/src/App.js", "pattern": "/^const EMPTY_FORM = { title: '', description: '', completed: false };$/", "language": "JavaScript", "kind": "property", "scope": "EMPTY_FORM", "scopeKind": "class"}, {"_type": "tag", "name": "toggleCompleted", "path": "/home/kavia/workspace/code-generation/task-management-app-307555-307565/todo_frontend/src/App.js", "pattern": "/^  async function toggleCompleted(task) {$/", "language": "JavaScript", "kind": "function", "signature": "(task)", "scope": "App", "scopeKind": "function"}], "hash": "36ed185ba956bf5ef002e3067dfae0c8", "format-version": 4, "code-base-name": "todo_frontend", "filename": "todo_frontend/src/App.js", "fields": [{"name": "maxLength={120}", "scope": "App.maxLength", "scopeKind": "class", "description": "unavailable"}, {"name": "maxLength={2000}", "scope": "App.maxLength", "scopeKind": "class", "description": "unavailable"}, {"name": "rows={4}", "scope": "App.rows", "scopeKind": "class", "description": "unavailable"}, {"name": "completed: !!form.completed,", "scope": "App.onSubmit.payload", "scopeKind": "class", "description": "unavailable"}, {"name": "const EMPTY_FORM = { title: '', description: '', completed: false };", "scope": "EMPTY_FORM", "scopeKind": "class", "description": "unavailable"}, {"name": "description: (form.description || '').trim(),", "scope": "App.onSubmit.payload", "scopeKind": "class", "description": "unavailable"}, {"name": "checked={form.completed}", "scope": "App.checked", "scopeKind": "class", "description": "unavailable"}, {"name": "value={form.description}", "scope": "App.value", "scopeKind": "class", "description": "unavailable"}, {"name": "value={form.title}", "scope": "App.value", "scopeKind": "class", "description": "unavailable"}, {"name": "title: form.title.trim(),", "scope": "App.onSubmit.payload", "scopeKind": "class", "description": "unavailable"}]}