{"is_source_file": false, "format": "", "description": "", "external_files": [], "external_methods": [], "published": [], "classes": [], "methods": [], "calls": [], "search-terms": ["manifest.json", "Create React App", "icons", "web app manifest"], "state": 2, "file_id": 3, "knowledge_revision": 18, "git_revision": "deff8cafa3a4bb56ae54fb9caccd58e37e7b493e", "hash": "d9d975cebe2ec20b6c652e1e4c12ccf0", "format-version": 4, "code-base-name": "todo_frontend", "filename": "todo_frontend/public/manifest.json", "revision_history": [{"18": "deff8cafa3a4bb56ae54fb9caccd58e37e7b493e"}]}