{"is_source_file": true, "format": "JavaScript", "description": "This file defines API interaction functions for a task management front-end application, including functions to list, create, update, and delete tasks via HTTP requests. It also includes a helper function to parse JSON responses and handle errors.", "external_files": ["fetch API (built-in browser API)"], "external_methods": ["fetch"], "published": ["listTasks", "createTask", "updateTask", "deleteTask"], "classes": [], "methods": [{"name": "parseJsonResponse(response)", "description": "Parses the HTTP response as JSON, raises an error if the response indicates failure.", "scope": "", "scopeKind": ""}, {"name": "listTasks()", "description": "Fetches all tasks from the backend API.", "scope": "", "scopeKind": ""}, {"name": "createTask(payload)", "description": "Creates a new task by sending a POST request with provided payload.", "scope": "", "scopeKind": ""}, {"name": "updateTask(taskId, payload)", "description": "Updates an existing task identified by taskId with provided payload.", "scope": "", "scopeKind": ""}, {"name": "deleteTask(taskId)", "description": "Deletes a task identified by taskId.", "scope": "", "scopeKind": ""}], "calls": ["fetch", "parseJsonResponse"], "search-terms": ["tasks", "API_BASE_URL", "fetch", "task management", "CRUD functions"], "state": 2, "file_id": 13, "knowledge_revision": 27, "git_revision": "", "ctags": [{"_type": "tag", "name": "API_BASE_URL", "path": "/home/kavia/workspace/code-generation/task-management-app-307555-307565/todo_frontend/src/api/tasks.js", "pattern": "/^const API_BASE_URL = 'http:\\/\\/localhost:3001';$/", "language": "JavaScript", "kind": "constant"}, {"_type": "tag", "name": "createTask", "path": "/home/kavia/workspace/code-generation/task-management-app-307555-307565/todo_frontend/src/api/tasks.js", "pattern": "/^export async function createTask(payload) {$/", "language": "JavaScript", "kind": "function", "signature": "(payload)"}, {"_type": "tag", "name": "deleteTask", "path": "/home/kavia/workspace/code-generation/task-management-app-307555-307565/todo_frontend/src/api/tasks.js", "pattern": "/^export async function deleteTask(taskId) {$/", "language": "JavaScript", "kind": "function", "signature": "(taskId)"}, {"_type": "tag", "name": "listTasks", "path": "/home/kavia/workspace/code-generation/task-management-app-307555-307565/todo_frontend/src/api/tasks.js", "pattern": "/^export async function listTasks() {$/", "language": "JavaScript", "kind": "function", "signature": "()"}, {"_type": "tag", "name": "parseJsonResponse", "path": "/home/kavia/workspace/code-generation/task-management-app-307555-307565/todo_frontend/src/api/tasks.js", "pattern": "/^async function parseJsonResponse(response) {$/", "language": "JavaScript", "kind": "function", "signature": "(response)"}, {"_type": "tag", "name": "updateTask", "path": "/home/kavia/workspace/code-generation/task-management-app-307555-307565/todo_frontend/src/api/tasks.js", "pattern": "/^export async function updateTask(taskId, payload) {$/", "language": "JavaScript", "kind": "function", "signature": "(taskId, payload)"}], "hash": "d149a6e65283c8d6a04a43e1e8a682dc", "format-version": 4, "code-base-name": "todo_frontend", "filename": "todo_frontend/src/api/tasks.js", "revision_history": [{"27": ""}]}